Workbook
Name Slicer_Sex_Status: #N/A

Sheet Dashboard

Sheet KPI
A3: Total_Patient | C3: Alive | E3: Death | G3: Avg_Age_Alive | I3: Avg_Age_Death
A4: 299 | C4: 203 | E4: 96 | G4: 58.761906 | I4: 65.215281

Sheet Pivot
A3: Row Labels | B3: Count of count | E3: Row Labels | F3: Avg_Of_Ejection_Fraction | G3: Avg_Of_Muscle_Damage_Scale | H3: Avg_Of_Serum_Sodium | I3: Avg_Of_kidney_Marker | L3: Row Labels | M3: Avg_Of_DEATH_EVENT | R3: Row Labels | S3: Diabetes Patients | T3: Cancer Patients | U3: Hypertension Patients
A4: Alive | B4: 203 | E4: Alive | F4: 40.26601 | G4: 540.05419 | H4: 137.21675 | I4: 1.1848768 | L4: 40-50 | M4: 0.25675676 | R4: Alive | S4: 85 | T4: 66 | U4: 83
A5: Dead | B5: 96 | E5: Dead | F5: 33.46875 | G5: 624.08333 | H5: 135.375 | I5: 1.8358333 | L5: 51-60 | M5: 0.28409091 | R5: Death | S5: 40 | T5: 30 | U5: 46
L6: 61-70 | M6: 0.24705882
L7: 71+ | M7: 0.59615385

Sheet heart_Disease_clinical_records_
A1: count | B1: age | C1: Hypertensions | D1: muscle_damage_scale | E1: diabetes | F1: ejection_fraction | G1: high_blood_pressure | H1: platelets | I1: kidney_marker | J1: serum_sodium | K1: sex | L1: cancer | M1: time | N1: DEATH_EVENT | O1: Age_Group | P1: Survival_Status | Q1: Diabetes_Status | R1: Hypertension_Status | S1: HBP_Status | T1: Cancer_Status | U1: Alive_Event
A2: 1 | B2: 75 | C2: 0 | D2: 812 | E2: 0 | F2: 20 | G2: 1 | H2: 265000 | I2: 1.9 | J2: 130 | K2: 1 | L2: 0 | M2: 4 | N2: 1 | O2: =IF(B2<40,"Below 40",IF(B2<=50,"40-50",IF(B2<=60,"51-60",IF(B2<=70,"61-70","71+")))) -> 71+ | P2: =IF(heart_Disease_clinical_records_!$N2=1,"Death","Alive") -> Death | Q2: =IF(heart_Disease_clinical_records_!$E2=1,"Yes","No") -> No | R2: =IF(heart_Disease_clinical_records_!$C2=1,"Yes","No") -> No | S2: =IF(heart_Disease_clinical_records_!$G2=1,"Yes","No") -> Yes | T2: =IF(heart_Disease_clinical_records_!$L2=1,"Yes","No") -> No | U2: =IF(heart_Disease_clinical_records_!$N2=0, "Alive","Dead") -> Dead
A3: 2 | B3: 55 | C3: 0 | D3: 476 | E3: 0 | F3: 38 | G3: 0 | H3: 263358.03 | I3: 1.1 | J3: 136 | K3: 1 | L3: 0 | M3: 6 | N3: 1 | O3: =IF(B3<40,"Below 40",IF(B3<=50,"40-50",IF(B3<=60,"51-60",IF(B3<=70,"61-70","71+")))) -> 51-60 | P3: =IF(heart_Disease_clinical_records_!$N3=1,"Death","Alive") -> Death | Q3: =IF(heart_Disease_clinical_records_!$E3=1,"Yes","No") -> No | R3: =IF(heart_Disease_clinical_records_!$C3=1,"Yes","No") -> No | S3: =IF(heart_Disease_clinical_records_!$G3=1,"Yes","No") -> No | T3: =IF(heart_Disease_clinical_records_!$L3=1,"Yes","No") -> No | U3: =IF(heart_Disease_clinical_records_!$N3=0, "Alive","Dead") -> Dead
A4: 3 | B4: 65 | C4: 0 | D4: 923 | E4: 0 | F4: 20 | G4: 0 | H4: 162000 | I4: 1.3 | J4: 129 | K4: 1 | L4: 1 | M4: 7 | N4: 1 | O4: =IF(B4<40,"Below 40",IF(B4<=50,"40-50",IF(B4<=60,"51-60",IF(B4<=70,"61-70","71+")))) -> 61-70 | P4: =IF(heart_Disease_clinical_records_!$N4=1,"Death","Alive") -> Death | Q4: =IF(heart_Disease_clinical_records_!$E4=1,"Yes","No") -> No | R4: =IF(heart_Disease_clinical_records_!$C4=1,"Yes","No") -> No | S4: =IF(heart_Disease_clinical_records_!$G4=1,"Yes","No") -> No | T4: =IF(heart_Disease_clinical_records_!$L4=1,"Yes","No") -> Yes | U4: =IF(heart_Disease_clinical_records_!$N4=0, "Alive","Dead") -> Dead
A5: 4 | B5: 50 | C5: 1 | D5: 305 | E5: 0 | F5: 20 | G5: 0 | H5: 210000 | I5: 1.9 | J5: 137 | K5: 1 | L5: 0 | M5: 7 | N5: 1 | O5: =IF(B5<40,"Below 40",IF(B5<=50,"40-50",IF(B5<=60,"51-60",IF(B5<=70,"61-70","71+")))) -> 40-50 | P5: =IF(heart_Disease_clinical_records_!$N5=1,"Death","Alive") -> Death | Q5: =IF(heart_Disease_clinical_records_!$E5=1,"Yes","No") -> No | R5: =IF(heart_Disease_clinical_records_!$C5=1,"Yes","No") -> Yes | S5: =IF(heart_Disease_clinical_records_!$G5=1,"Yes","No") -> No | T5: =IF(heart_Disease_clinical_records_!$L5=1,"Yes","No") -> No | U5: =IF(heart_Disease_clinical_records_!$N5=0, "Alive","Dead") -> Dead
A6: 5 | B6: 65 | C6: 1 | D6: 689 | E6: 1 | F6: 20 | G6: 0 | H6: 327000 | I6: 2.7 | J6: 116 | K6: 0 | L6: 0 | M6: 8 | N6: 1 | O6: =IF(B6<40,"Below 40",IF(B6<=50,"40-50",IF(B6<=60,"51-60",IF(B6<=70,"61-70","71+")))) -> 61-70 | P6: =IF(heart_Disease_clinical_records_!$N6=1,"Death","Alive") -> Death | Q6: =IF(heart_Disease_clinical_records_!$E6=1,"Yes","No") -> Yes | R6: =IF(heart_Disease_clinical_records_!$C6=1,"Yes","No") -> Yes | S6: =IF(heart_Disease_clinical_records_!$G6=1,"Yes","No") -> No | T6: =IF(heart_Disease_clinical_records_!$L6=1,"Yes","No") -> No | U6: =IF(heart_Disease_clinical_records_!$N6=0, "Alive","Dead") -> Dead
A7: 6 | B7: 90 | C7: 1 | D7: 158 | E7: 0 | F7: 40 | G7: 1 | H7: 204000 | I7: 2.1 | J7: 132 | K7: 1 | L7: 1 | M7: 8 | N7: 1 | O7: =IF(B7<40,"Below 40",IF(B7<=50,"40-50",IF(B7<=60,"51-60",IF(B7<=70,"61-70","71+")))) -> 71+ | P7: =IF(heart_Disease_clinical_records_!$N7=1,"Death","Alive") -> Death | Q7: =IF(heart_Disease_clinical_records_!$E7=1,"Yes","No") -> No | R7: =IF(heart_Disease_clinical_records_!$C7=1,"Yes","No") -> Yes | S7: =IF(heart_Disease_clinical_records_!$G7=1,"Yes","No") -> Yes | T7: =IF(heart_Disease_clinical_records_!$L7=1,"Yes","No") -> Yes | U7: =IF(heart_Disease_clinical_records_!$N7=0, "Alive","Dead") -> Dead
A8: 7 | B8: 75 | C8: 1 | D8: 732 | E8: 0 | F8: 15 | G8: 0 | H8: 127000 | I8: 1.2 | J8: 137 | K8: 1 | L8: 0 | M8: 10 | N8: 1 | O8: =IF(B8<40,"Below 40",IF(B8<=50,"40-50",IF(B8<=60,"51-60",IF(B8<=70,"61-70","71+")))) -> 71+ | P8: =IF(heart_Disease_clinical_records_!$N8=1,"Death","Alive") -> Death | Q8: =IF(heart_Disease_clinical_records_!$E8=1,"Yes","No") -> No | R8: =IF(heart_Disease_clinical_records_!$C8=1,"Yes","No") -> Yes | S8: =IF(heart_Disease_clinical_records_!$G8=1,"Yes","No") -> No | T8: =IF(heart_Disease_clinical_records_!$L8=1,"Yes","No") -> No | U8: =IF(heart_Disease_clinical_records_!$N8=0, "Alive","Dead") -> Dead
A9: 8 | B9: 60 | C9: 1 | D9: 241 | E9: 1 | F9: 60 | G9: 0 | H9: 454000 | I9: 1.1 | J9: 131 | K9: 1 | L9: 1 | M9: 10 | N9: 1 | O9: =IF(B9<40,"Below 40",IF(B9<=50,"40-50",IF(B9<=60,"51-60",IF(B9<=70,"61-70","71+")))) -> 51-60 | P9: =IF(heart_Disease_clinical_records_!$N9=1,"Death","Alive") -> Death | Q9: =IF(heart_Disease_clinical_records_!$E9=1,"Yes","No") -> Yes | R9: =IF(heart_Disease_clinical_records_!$C9=1,"Yes","No") -> Yes | S9: =IF(heart_Disease_clinical_records_!$G9=1,"Yes","No") -> No | T9: =IF(heart_Disease_clinical_records_!$L9=1,"Yes","No") -> Yes | U9: =IF(heart_Disease_clinical_records_!$N9=0, "Alive","Dead") -> Dead
A10: 9 | B10: 65 | C10: 0 | D10: 598 | E10: 0 | F10: 65 | G10: 0 | H10: 263358.03 | I10: 1.5 | J10: 138 | K10: 0 | L10: 0 | M10: 10 | N10: 1 | O10: =IF(B10<40,"Below 40",IF(B10<=50,"40-50",IF(B10<=60,"51-60",IF(B10<=70,"61-70","71+")))) -> 61-70 | P10: =IF(heart_Disease_clinical_records_!$N10=1,"Death","Alive") -> Death | Q10: =IF(heart_Disease_clinical_records_!$E10=1,"Yes","No") -> No | R10: =IF(heart_Disease_clinical_records_!$C10=1,"Yes","No") -> No | S10: =IF(heart_Disease_clinical_records_!$G10=1,"Yes","No") -> No | T10: =IF(heart_Disease_clinical_records_!$L10=1,"Yes","No") -> No | U10: =IF(heart_Disease_clinical_records_!$N10=0, "Alive","Dead") -> Dead
A11: 10 | B11: 80 | C11: 1 | D11: 387 | E11: 0 | F11: 35 | G11: 1 | H11: 388000 | I11: 9.4 | J11: 133 | K11: 1 | L11: 1 | M11: 10 | N11: 1 | O11: =IF(B11<40,"Below 40",IF(B11<=50,"40-50",IF(B11<=60,"51-60",IF(B11<=70,"61-70","71+")))) -> 71+ | P11: =IF(heart_Disease_clinical_records_!$N11=1,"Death","Alive") -> Death | Q11: =IF(heart_Disease_clinical_records_!$E11=1,"Yes","No") -> No | R11: =IF(heart_Disease_clinical_records_!$C11=1,"Yes","No") -> Yes | S11: =IF(heart_Disease_clinical_records_!$G11=1,"Yes","No") -> Yes | T11: =IF(heart_Disease_clinical_records_!$L11=1,"Yes","No") -> Yes | U11: =IF(heart_Disease_clinical_records_!$N11=0, "Alive","Dead") -> Dead
A12: 11 | B12: 75 | C12: 1 | D12: 81 | E12: 0 | F12: 38 | G12: 1 | H12: 368000 | I12: 4 | J12: 131 | K12: 1 | L12: 1 | M12: 10 | N12: 1 | O12: =IF(B12<40,"Below 40",IF(B12<=50,"40-50",IF(B12<=60,"51-60",IF(B12<=70,"61-70","71+")))) -> 71+ | P12: =IF(heart_Disease_clinical_records_!$N12=1,"Death","Alive") -> Death | Q12: =IF(heart_Disease_clinical_records_!$E12=1,"Yes","No") -> No | R12: =IF(heart_Disease_clinical_records_!$C12=1,"Yes","No") -> Yes | S12: =IF(heart_Disease_clinical_records_!$G12=1,"Yes","No") -> Yes | T12: =IF(heart_Disease_clinical_records_!$L12=1,"Yes","No") -> Yes | U12: =IF(heart_Disease_clinical_records_!$N12=0, "Alive","Dead") -> Dead
A13: 12 | B13: 62 | C13: 0 | D13: 231 | E13: 0 | F13: 25 | G13: 1 | H13: 253000 | I13: 0.9 | J13: 140 | K13: 1 | L13: 1 | M13: 10 | N13: 1 | O13: =IF(B13<40,"Below 40",IF(B13<=50,"40-50",IF(B13<=60,"51-60",IF(B13<=70,"61-70","71+")))) -> 61-70 | P13: =IF(heart_Disease_clinical_records_!$N13=1,"Death","Alive") -> Death | Q13: =IF(heart_Disease_clinical_records_!$E13=1,"Yes","No") -> No | R13: =IF(heart_Disease_clinical_records_!$C13=1,"Yes","No") -> No | S13: =IF(heart_Disease_clinical_records_!$G13=1,"Yes","No") -> Yes | T13: =IF(heart_Disease_clinical_records_!$L13=1,"Yes","No") -> Yes | U13: =IF(heart_Disease_clinical_records_!$N13=0, "Alive","Dead") -> Dead
... A300: 299 | B300: 50 | C300: 0 | D300: 196 | E300: 0 | F300: 45 | G300: 0 | H300: 395000 | I300: 1.6 | J300: 136 | K300: 1 | L300: 1 | M300: 285 | N300: 0 | O300: =IF(B300<40,"Below 40",IF(B300<=50,"40-50",IF(B300<=60,"51-60",IF(B300<=70,"61-70","71+")))) -> 40-50 | P300: =IF(heart_Disease_clinical_records_!$N300=1,"Death","Alive") -> Alive | Q300: =IF(heart_Disease_clinical_records_!$E300=1,"Yes","No") -> No | R300: =IF(heart_Disease_clinical_records_!$C300=1,"Yes","No") -> No | S300: =IF(heart_Disease_clinical_records_!$G300=1,"Yes","No") -> No | T300: =IF(heart_Disease_clinical_records_!$L300=1,"Yes","No") -> Yes | U300: =IF(heart_Disease_clinical_records_!$N300=0, "Alive","Dead") -> Alive
